Number,Crystal,Color,Formula,Class,Chakra
1,Rose Quartz,Pink,SiO₂,Quartz,Heart
2,Aventurine,Green,SiO₂,Chalcedony,Heart and solar Plexus
3,Labradorite,Iridescent,"(Na,Ca)₁₋₂Si₃₋₂ O₈",Pinacoidal,Throat and third eye
4,Garnet,Red,Mg3Al2(SiO4)3,N/A,Sacral
5,Jade,Green,NaAlSi₂O₆,Jadeite,Heart
6,Carnelian,Orange,SiO₂,Chalcedony,Sacral
7,Amethyst,Purple,SiO₂,N/A,Crown
8,Sodalite,Blue,Na₈Al₆Si₆O₂₄ Cl₂,N/A,Third eye
9,Charoite,Purple,K ₂Si ₄O ₁₀•H ₂O,Prismatic,Crown and heart
10,Emerald,Green,Be₃Al₂SiO₆,N/A,Heart
11,Fluorite,Green,CaF₂,N/A,Throat 
12,Malachite,Green,Cu₂CO₃(OH)₂,Prismatic,Heart
13,Moonstone,Iridescent,"(Na,Ca)Al₁₋₂Si₃₋₂O₈, KAlSi₃O₈",Oligoclase,Solar Plexus
14,Kyanite,Blue, Al₂SiO₅,N/A,Third eye
15,Citrine,Orange,SiO₂,Quartz,Solar Plexus
16,Selenite,Clear,CaSO₄·2H₂O,N/A,Crown
17,Rhodochrosite,Rose,MnCO₃,Hexagonal,Heart
18,Lapis Lazuli,Blue,"(Na,Ca)₈Al₆Si₆O₂₄ (S,SO)₄",N/A,Throat
19,Fuchsite,Green,"K(Al,Cr)₂(Si₃AlO₁₀ )(OH)₂",Silicate mineral,Heart
20,Pyrite,Gold,FeS2,N/A,Solar Plexus